instance_id,method,mean_objective,median_objective,mean_difference_vs_uniform6060,mean_makespan,mean_blocked
HOSP-STD-15-01,uniform3030,145.17410922500002,146.5014445,1.9325856250000002,145.125,0.025
HOSP-STD-15-02,uniform3030,169.164362075,169.00170100000003,1.5300487000000005,168.925,0.125
HOSP-STD-15-03,uniform3030,157.58396227500003,157.97659375,4.469997399999995,157.25,0.175
HOSP-STD-20-01,uniform3030,180.95302120000002,182.00277,0.0,180.95,0.0
HOSP-STD-20-02,uniform3030,206.25339905,207.003444,0.0,206.25,0.0
HOSP-STD-20-03,uniform3030,200.840215275,201.002699,1.5200044000000006,200.6,0.125
HOSP-STD-25-01,uniform3030,224.05145802499996,224.97898775,3.902506975,224.0,0.025
HOSP-STD-25-02,uniform3030,257.45950819999996,258.2545165,2.604900199999996,257.075,0.2
HOSP-STD-25-03,uniform3030,233.45386,234.00408449999998,0.892448924999998,233.45,0.0
HOSP-STD-30-01,uniform3030,258.01805827500004,258.50549249999995,1.1524271750000055,256.825,0.625
HOSP-STD-30-02,uniform3030,296.1912852,295.23125325,2.882412174999999,295.85,0.25
HOSP-STD-30-03,uniform3030,263.50705475,263.5070845,0.23756262500000105,263.5,0.0
HOSP-STD-15-01,dmab3030,145.02663615,145.7517495,1.7851125499999967,145.025,0.0
HOSP-STD-15-02,dmab3030,170.41187615,170.7516905,2.777562775,170.125,0.15
HOSP-STD-15-03,dmab3030,157.12639970000004,155.001423,4.012434825,157.125,0.0
HOSP-STD-20-01,dmab3030,179.9530056,181.7530605,-1.0000156000000018,179.95,0.0
HOSP-STD-20-02,dmab3030,206.65343695,207.003448,0.40003789999999667,206.65,0.0
HOSP-STD-20-03,dmab3030,201.15024697500002,199.752766,1.830036100000001,201.1,0.025
HOSP-STD-25-01,dmab3030,222.55889185,223.0039805,2.4099407999999984,222.175,0.2
HOSP-STD-25-02,dmab3030,258.65709197500007,258.00444200000004,3.8024839750000012,258.225,0.225
HOSP-STD-25-03,dmab3030,234.236436925,235.0040415,1.6750258500000015,233.9,0.175
HOSP-STD-30-01,dmab3030,256.39042509999996,257.7552515,-0.4752059999999986,255.15,0.65
HOSP-STD-30-02,dmab3030,299.1712871,299.006387,5.8624140749999984,298.975,0.1
HOSP-STD-30-03,dmab3030,262.60690795000005,263.5070845,-0.6625841749999978,262.6,0.0
HOSP-STD-15-01,uniform6060,143.24152360000002,142.92644325,0.0,143.05,0.1
HOSP-STD-15-02,uniform6060,167.63431337499998,167.95179100000001,0.0,167.3,0.175
HOSP-STD-15-03,uniform6060,153.11396487500002,152.7514815,0.0,152.875,0.125
HOSP-STD-20-01,uniform6060,180.95302120000002,182.00277,0.0,180.95,0.0
HOSP-STD-20-02,uniform6060,206.25339905,207.003444,0.0,206.25,0.0
HOSP-STD-20-03,uniform6060,199.320210875,200.7526805,0.0,199.175,0.075
HOSP-STD-25-01,uniform6060,220.14895105,221.253987,0.0,220.05,0.05
HOSP-STD-25-02,uniform6060,254.854608,254.504862,0.0,254.85,0.0
HOSP-STD-25-03,uniform6060,232.56141107499997,232.50393,0.0,232.225,0.175
HOSP-STD-30-01,uniform6060,256.86563110000003,257.955405,0.0,256.1,0.4
HOSP-STD-30-02,uniform6060,293.308873025,293.4566255,0.0,292.825,0.325
HOSP-STD-30-03,uniform6060,263.269492125,263.5070845,0.0,263.025,0.125
HOSP-STD-15-01,two_uniform6060,143.474061425,143.251551,0.2325378249999986,143.425,0.025
HOSP-STD-15-02,two_uniform6060,166.38678749999997,167.001632,-1.2475258749999996,166.1,0.15
HOSP-STD-15-03,two_uniform6060,155.36390932500004,155.4013365,2.2499444499999983,155.125,0.125
HOSP-STD-20-01,two_uniform6060,180.47797695000003,180.7528865,-0.4750442499999991,180.475,0.0
HOSP-STD-20-02,two_uniform6060,206.0533723,207.003426,-0.20002674999999925,206.05,0.0
HOSP-STD-20-03,two_uniform6060,196.79018572500001,196.502675,-2.530025149999999,196.55,0.125
HOSP-STD-25-01,two_uniform6060,219.95390749999996,220.75403799999998,-0.19504354999999976,219.675,0.2
HOSP-STD-25-02,two_uniform6060,252.9095397,252.50449700000001,-1.9450682999999984,252.525,0.2
HOSP-STD-25-03,two_uniform6060,231.02896440000004,231.003826,-1.5324466749999999,231.025,0.0
HOSP-STD-30-01,two_uniform6060,255.40549925,256.905254,-1.460131849999995,254.925,0.25
HOSP-STD-30-02,two_uniform6060,290.8713282,291.2565085,-2.437544824999992,290.675,0.1
HOSP-STD-30-03,two_uniform6060,263.33199185,263.5070565,0.06249972499999501,263.325,0.0
HOSP-STD-15-01,fixed_portfolio6060,143.174043975,142.751703,-0.06747962500000142,143.125,0.025
HOSP-STD-15-02,fixed_portfolio6060,167.889347525,168.12681874999998,0.25503414999999874,167.65,0.125
HOSP-STD-15-03,fixed_portfolio6060,153.92141915000002,154.50131399999998,0.8074542749999963,153.825,0.05
HOSP-STD-20-01,fixed_portfolio6060,179.35293575,180.502832,-1.6000854500000004,179.35,0.0
HOSP-STD-20-02,fixed_portfolio6060,205.95340435000003,207.003411,-0.29999469999999917,205.95,0.0
HOSP-STD-20-03,fixed_portfolio6060,198.06767935,197.502848,-1.2525315249999978,197.875,0.1
HOSP-STD-25-01,fixed_portfolio6060,219.80886850000002,219.504032,-0.34008254999999965,219.425,0.2
HOSP-STD-25-02,fixed_portfolio6060,255.08459135000004,254.3044755,0.22998335000000197,254.7,0.2
HOSP-STD-25-03,fixed_portfolio6060,231.15389580000002,231.0038305,-1.4075152750000015,231.15,0.0
HOSP-STD-30-01,fixed_portfolio6060,252.80049759999997,253.7556545,-4.0651335,252.225,0.3
HOSP-STD-30-02,fixed_portfolio6060,293.84381572499996,294.73110975,0.5349427000000049,293.55,0.225
HOSP-STD-30-03,fixed_portfolio6060,262.6068868000001,263.507048,-0.6626053250000041,262.6,0.0
HOSP-STD-15-01,learned_free6060,143.72404137499998,143.7516005,0.48251777499999804,143.675,0.025
HOSP-STD-15-02,learned_free6060,167.439356175,167.75195,-0.19495720000000177,167.2,0.125
HOSP-STD-15-03,learned_free6060,154.18640855000004,154.9013555,1.0724436749999966,153.9,0.15
HOSP-STD-20-01,learned_free6060,179.35293575,180.502832,-1.6000854500000004,179.35,0.0
HOSP-STD-20-02,learned_free6060,205.95340435000003,207.003411,-0.29999469999999917,205.95,0.0
HOSP-STD-20-03,learned_free6060,197.31768595,197.5026305,-2.002524924999996,197.125,0.1
HOSP-STD-25-01,learned_free6060,218.83386650000003,219.00395300000002,-1.3150845500000004,218.45,0.2
HOSP-STD-25-02,learned_free6060,255.0845913,254.3044755,0.22998329999999925,254.7,0.2
HOSP-STD-25-03,learned_free6060,230.9039032,230.503915,-1.6575078750000003,230.9,0.0
HOSP-STD-30-01,learned_free6060,252.87552249999993,253.7556545,-3.9901086000000006,252.3,0.3
HOSP-STD-30-02,learned_free6060,293.793803475,294.73110975,0.4849304500000017,293.5,0.225
HOSP-STD-30-03,learned_free6060,262.6068868000001,263.507048,-0.6626053250000041,262.6,0.0
HOSP-STD-15-01,learned_protected6060,144.16654119999998,143.67653275,0.9250175999999982,143.975,0.1
HOSP-STD-15-02,learned_protected6060,167.509325325,167.7018675,-0.12498805000000175,167.175,0.175
HOSP-STD-15-03,learned_protected6060,153.48894567500002,153.751409,0.3749807999999987,153.25,0.125
HOSP-STD-20-01,learned_protected6060,179.60297545000003,181.003001,-1.3500457499999983,179.6,0.0
HOSP-STD-20-02,learned_protected6060,205.95340435000003,207.003411,-0.29999469999999917,205.95,0.0
HOSP-STD-20-03,learned_protected6060,197.89268080000002,197.5027125,-1.4275300749999986,197.7,0.1
HOSP-STD-25-01,learned_protected6060,220.276408375,220.50399850000002,0.1274573249999989,220.225,0.025
HOSP-STD-25-02,learned_protected6060,256.092057975,255.00448649999998,1.2374499750000012,255.6,0.275
HOSP-STD-25-03,learned_protected6060,232.22898015,232.503867,-0.3324309250000013,232.225,0.0
HOSP-STD-30-01,learned_protected6060,254.34550424999992,255.2555435,-2.5201268500000014,253.675,0.35
HOSP-STD-30-02,learned_protected6060,293.9163121,295.006178,0.607439075000002,293.575,0.25
HOSP-STD-30-03,learned_protected6060,262.81942257500003,263.5070565,-0.4500695500000035,262.575,0.125
