instance_id,size,policy,runs,median_objective,median_makespan_minutes,median_blocked_minutes,median_runtime_seconds
HOSP-STD-15-01,15,dmab,20,145.75156600000003,145.75,0.0,0.5263020829988818
HOSP-STD-15-01,15,linucb,20,145.75162799999998,145.75,0.0,0.6360312705037359
HOSP-STD-15-02,15,dmab,20,169.501813,169.0,0.0,0.5179901669980609
HOSP-STD-15-02,15,linucb,20,172.00174950000002,172.0,0.0,0.6285696459999599
HOSP-STD-15-03,15,dmab,20,155.001353,155.0,0.0,0.5210698750015581
HOSP-STD-15-03,15,linucb,20,155.751437,155.75,0.0,0.6231684164995386
HOSP-STD-20-01,20,dmab,20,182.0031625,182.0,0.0,0.7723704374984663
HOSP-STD-20-01,20,linucb,20,182.003118,182.0,0.0,0.8983481459981704
HOSP-STD-20-02,20,dmab,20,207.0034395,207.0,0.0,0.7664553545000672
HOSP-STD-20-02,20,linucb,20,207.0034425,207.0,0.0,0.8802030625010957
HOSP-STD-20-03,20,dmab,20,199.72773475,199.5,0.0,0.7870156460048747
HOSP-STD-20-03,20,linucb,20,201.7527745,201.75,0.0,0.9003982499998529
HOSP-STD-25-01,25,dmab,20,223.003883,222.75,0.0,1.1205126044987992
HOSP-STD-25-01,25,linucb,20,223.00400150000002,223.0,0.0,1.2424527914990904
HOSP-STD-25-02,25,dmab,20,254.2545975,253.75,0.0,1.1740311880021181
HOSP-STD-25-02,25,linucb,20,256.004456,256.0,0.0,1.3703425419989799
HOSP-STD-25-03,25,dmab,20,234.7540075,234.75,0.0,1.1820100624972838
HOSP-STD-25-03,25,linucb,20,234.5039975,234.5,0.0,1.3005840000005264
HOSP-STD-30-01,30,dmab,20,255.505759,254.75,0.0,1.6320030624992796
HOSP-STD-30-01,30,linucb,20,260.5056135,260.0,0.0,1.7957916669984115
HOSP-STD-30-02,30,dmab,20,296.5064355,296.0,0.0,1.551430770996376
HOSP-STD-30-02,30,linucb,20,297.25644350000005,297.25,0.0,1.6785341664981388
HOSP-STD-30-03,30,dmab,20,263.5070705,263.5,0.0,1.5935515835008118
HOSP-STD-30-03,30,linucb,20,263.5070845,263.5,0.0,1.710181874997943
