instance_id,size,reference,alternative,metric,median_alt_minus_legacy,ci95_low,ci95_high,alternative_wins,legacy_wins,ties
HOSP-STD-15-01,15,legacy_mixed,dmab,objective,1.7500599999999906,-0.7500409999999818,3.2502209999999963,6,14,0
HOSP-STD-15-01,15,legacy_mixed,dmab,makespan_minutes,1.75,-0.5,3.25,6,13,1
HOSP-STD-15-01,15,legacy_mixed,dmab,blocked_minutes,0.0,0.0,0.0,1,0,19
HOSP-STD-15-01,15,legacy_mixed,linucb,objective,1.2501000000000033,-1.5000299999999953,3.0001324999999923,7,13,0
HOSP-STD-15-01,15,legacy_mixed,linucb,makespan_minutes,1.25,-1.5,3.0,7,12,1
HOSP-STD-15-01,15,legacy_mixed,linucb,blocked_minutes,0.0,0.0,0.0,1,1,18
HOSP-STD-15-02,15,legacy_mixed,dmab,objective,-1.0500504999999976,-3.725206749999984,1.2499454999999955,13,7,0
HOSP-STD-15-02,15,legacy_mixed,dmab,makespan_minutes,-1.25,-3.75,1.25,13,7,0
HOSP-STD-15-02,15,legacy_mixed,dmab,blocked_minutes,0.0,0.0,0.0,1,1,18
HOSP-STD-15-02,15,legacy_mixed,linucb,objective,7.150000000422096e-05,-2.7502120000000048,3.000132999999991,8,12,0
HOSP-STD-15-02,15,legacy_mixed,linucb,makespan_minutes,0.0,-2.75,3.0,7,9,4
HOSP-STD-15-02,15,legacy_mixed,linucb,blocked_minutes,0.0,0.0,0.0,1,0,19
HOSP-STD-15-03,15,legacy_mixed,dmab,objective,0.5000639999999947,-1.2250112499999943,3.250131499999995,7,13,0
HOSP-STD-15-03,15,legacy_mixed,dmab,makespan_minutes,0.5,-0.75,3.75,6,13,1
HOSP-STD-15-03,15,legacy_mixed,dmab,blocked_minutes,0.0,0.0,0.0,3,1,16
HOSP-STD-15-03,15,legacy_mixed,linucb,objective,3.6748982499999983,-2.9999540000000167,6.000186499999998,8,12,0
HOSP-STD-15-03,15,legacy_mixed,linucb,makespan_minutes,4.5,-3.0,6.0,7,12,1
HOSP-STD-15-03,15,legacy_mixed,linucb,blocked_minutes,0.0,0.0,0.0,3,1,16
HOSP-STD-20-01,20,legacy_mixed,dmab,objective,3.9999999984274837e-05,-1.9999999949504854e-06,1.7504775000000024,6,12,2
HOSP-STD-20-01,20,legacy_mixed,dmab,makespan_minutes,0.0,0.0,1.75,4,9,7
HOSP-STD-20-01,20,legacy_mixed,dmab,blocked_minutes,0.0,0.0,0.0,0,0,20
HOSP-STD-20-01,20,legacy_mixed,linucb,objective,1.9999999949504854e-06,-0.5749102500000021,1.0001889999999918,9,10,1
HOSP-STD-20-01,20,legacy_mixed,linucb,makespan_minutes,0.0,-1.5,1.0,7,7,6
HOSP-STD-20-01,20,legacy_mixed,linucb,blocked_minutes,0.0,0.0,0.0,0,1,19
HOSP-STD-20-02,20,legacy_mixed,dmab,objective,0.0,-8.512499992718847e-06,1.0000284999999849,6,9,5
HOSP-STD-20-02,20,legacy_mixed,dmab,makespan_minutes,0.0,0.0,1.0,4,7,9
HOSP-STD-20-02,20,legacy_mixed,dmab,blocked_minutes,0.0,0.0,0.0,0,0,20
HOSP-STD-20-02,20,legacy_mixed,linucb,objective,0.0,0.0,1.0000129999999814,5,9,6
HOSP-STD-20-02,20,legacy_mixed,linucb,makespan_minutes,0.0,0.0,1.0,1,7,12
HOSP-STD-20-02,20,legacy_mixed,linucb,blocked_minutes,0.0,0.0,0.0,0,0,20
HOSP-STD-20-03,20,legacy_mixed,dmab,objective,-0.5001314999999948,-7.000387500000002,4.475021249999983,10,10,0
HOSP-STD-20-03,20,legacy_mixed,dmab,makespan_minutes,1.0,-7.0,4.5,9,11,0
HOSP-STD-20-03,20,legacy_mixed,dmab,blocked_minutes,0.0,0.0,0.0,3,1,16
HOSP-STD-20-03,20,legacy_mixed,linucb,objective,-1.2750192499999855,-4.925160250000005,8.524962250000002,11,9,0
HOSP-STD-20-03,20,legacy_mixed,linucb,makespan_minutes,-1.75,-5.25,9.0,11,9,0
HOSP-STD-20-03,20,legacy_mixed,linucb,blocked_minutes,0.0,0.0,0.0,3,2,15
HOSP-STD-25-01,25,legacy_mixed,dmab,objective,-1.8250627500000007,-3.850155000000001,8.84985549999999,11,9,0
HOSP-STD-25-01,25,legacy_mixed,dmab,makespan_minutes,0.25,-4.25,9.0,10,10,0
HOSP-STD-25-01,25,legacy_mixed,dmab,blocked_minutes,0.0,0.0,0.0,4,2,14
HOSP-STD-25-01,25,legacy_mixed,linucb,objective,1.0499790000000075,-4.250004000000004,6.7500009999999975,10,10,0
HOSP-STD-25-01,25,legacy_mixed,linucb,makespan_minutes,2.0,-4.25,8.0,10,10,0
HOSP-STD-25-01,25,legacy_mixed,linucb,blocked_minutes,0.0,0.0,0.0,4,1,15
HOSP-STD-25-02,25,legacy_mixed,dmab,objective,-2.000296499999976,-5.749888499999969,1.7500335000000007,11,9,0
HOSP-STD-25-02,25,legacy_mixed,dmab,makespan_minutes,-2.0,-5.75,1.75,11,8,1
HOSP-STD-25-02,25,legacy_mixed,dmab,blocked_minutes,0.0,0.0,0.0,1,1,18
HOSP-STD-25-02,25,legacy_mixed,linucb,objective,-1.2502589999999856,-7.499539500000012,4.000011499999999,10,9,1
HOSP-STD-25-02,25,legacy_mixed,linucb,makespan_minutes,-1.25,-7.5,4.0,10,9,1
HOSP-STD-25-02,25,legacy_mixed,linucb,blocked_minutes,0.0,0.0,0.0,1,0,19
HOSP-STD-25-03,25,legacy_mixed,dmab,objective,0.0,-0.000205500000006964,2.5000704999999783,7,9,4
HOSP-STD-25-03,25,legacy_mixed,dmab,makespan_minutes,0.0,0.0,2.5,5,7,8
HOSP-STD-25-03,25,legacy_mixed,dmab,blocked_minutes,0.0,0.0,0.0,0,0,20
HOSP-STD-25-03,25,legacy_mixed,linucb,objective,-2.049999999087504e-05,-4.249716499999991,3.2502569999999906,10,9,1
HOSP-STD-25-03,25,legacy_mixed,linucb,makespan_minutes,0.0,-4.25,3.25,9,8,3
HOSP-STD-25-03,25,legacy_mixed,linucb,blocked_minutes,0.0,0.0,0.0,0,0,20
HOSP-STD-30-01,30,legacy_mixed,dmab,objective,-3.249855499999967,-8.750364500000003,3.4494489999999587,11,9,0
HOSP-STD-30-01,30,legacy_mixed,dmab,makespan_minutes,-2.0,-7.75,1.75,11,8,1
HOSP-STD-30-01,30,legacy_mixed,dmab,blocked_minutes,0.0,0.0,0.0,3,3,14
HOSP-STD-30-01,30,legacy_mixed,linucb,objective,3.7500995000000046,-3.4747847499999978,6.525283250000001,8,12,0
HOSP-STD-30-01,30,legacy_mixed,linucb,makespan_minutes,1.25,-3.75,6.0,10,10,0
HOSP-STD-30-01,30,legacy_mixed,linucb,blocked_minutes,0.0,0.0,0.0,3,3,14
HOSP-STD-30-02,30,legacy_mixed,dmab,objective,-2.749700500000017,-8.000208999999955,2.2996504999999843,11,9,0
HOSP-STD-30-02,30,legacy_mixed,dmab,makespan_minutes,-2.75,-8.5,3.25,11,9,0
HOSP-STD-30-02,30,legacy_mixed,dmab,blocked_minutes,0.0,0.0,0.0,1,1,18
HOSP-STD-30-02,30,legacy_mixed,linucb,objective,-1.749707499999971,-8.499714499999982,4.000103000000024,11,8,1
HOSP-STD-30-02,30,legacy_mixed,linucb,makespan_minutes,-1.75,-8.5,3.75,11,8,1
HOSP-STD-30-02,30,legacy_mixed,linucb,blocked_minutes,0.0,0.0,0.0,2,1,17
HOSP-STD-30-03,30,legacy_mixed,dmab,objective,-1.4000000021496817e-05,-6.600000000389628e-05,0.0,10,4,6
HOSP-STD-30-03,30,legacy_mixed,dmab,makespan_minutes,0.0,0.0,0.0,1,1,18
HOSP-STD-30-03,30,legacy_mixed,dmab,blocked_minutes,0.0,0.0,0.0,0,0,20
HOSP-STD-30-03,30,legacy_mixed,linucb,objective,0.0,-6.600000000389628e-05,0.0,9,4,7
HOSP-STD-30-03,30,legacy_mixed,linucb,makespan_minutes,0.0,0.0,0.0,0,1,19
HOSP-STD-30-03,30,legacy_mixed,linucb,blocked_minutes,0.0,0.0,0.0,0,0,20
