instance_id,size,runs,median_objective,median_makespan_minutes,median_blocked_minutes,median_runtime_seconds
HOSP-STD-15-01,15,20,144.5014825,144.5,0.0,0.5103289789985865
HOSP-STD-15-02,15,20,171.00176950000002,171.0,0.0,0.5050519374999567
HOSP-STD-15-03,15,20,154.50132100000002,154.5,0.0,0.510192770499998
HOSP-STD-20-01,20,20,181.752969,181.75,0.0,0.761297207998723
HOSP-STD-20-02,20,20,207.00343650000002,207.0,0.0,0.7570133959961822
HOSP-STD-20-03,20,20,200.40265800000003,200.25,0.0,0.7716925210006593
HOSP-STD-25-01,25,20,222.7537585,221.75,0.0,1.1066815209997003
HOSP-STD-25-02,25,20,256.92945425000005,256.5,0.0,1.089439625000523
HOSP-STD-25-03,25,20,236.504058,236.5,0.0,1.1211691874996177
HOSP-STD-30-01,30,20,258.7555555,258.5,0.0,1.5371616664997418
HOSP-STD-30-02,30,20,300.256494,300.25,0.0,1.52101770849913
HOSP-STD-30-03,30,20,263.5070845,263.5,0.0,1.5544050829994376
