instance_id,instance_digest,size,seed,policy,initial_objective,objective,makespan_minutes,blocked_minutes,max_wait_minutes,cross_room_jobs,evaluations,feasible_evaluations,runtime_seconds
HOSP-STD-15-01,961d3d2c3eef83296e641ca556961d3dcd1c5322dd32e37e43d498596b46e264,15,0,legacy_mixed,147.5017585,145.5015295,145.5,0.0,0.0,3,3030,3030,0.5303002919972641
HOSP-STD-15-01,961d3d2c3eef83296e641ca556961d3dcd1c5322dd32e37e43d498596b46e264,15,1,legacy_mixed,147.5017585,143.0017185,143.0,0.0,0.0,4,3030,3030,0.5153885830004583
HOSP-STD-15-01,961d3d2c3eef83296e641ca556961d3dcd1c5322dd32e37e43d498596b46e264,15,2,legacy_mixed,147.5017585,147.5017585,147.5,0.0,0.0,5,3030,3030,0.508347999995749
HOSP-STD-15-01,961d3d2c3eef83296e641ca556961d3dcd1c5322dd32e37e43d498596b46e264,15,3,legacy_mixed,147.5017585,141.0013355,141.0,0.0,0.0,2,3030,3030,0.5083463340051821
HOSP-STD-15-01,961d3d2c3eef83296e641ca556961d3dcd1c5322dd32e37e43d498596b46e264,15,4,legacy_mixed,147.5017585,147.5017555,147.5,0.0,0.0,5,3030,3030,0.5107835840026382
HOSP-STD-15-01,961d3d2c3eef83296e641ca556961d3dcd1c5322dd32e37e43d498596b46e264,15,5,legacy_mixed,147.5017585,146.0016275,146.0,0.0,0.0,5,3030,3030,0.5075849580025533
HOSP-STD-15-01,961d3d2c3eef83296e641ca556961d3dcd1c5322dd32e37e43d498596b46e264,15,6,legacy_mixed,147.5017585,136.5015825,136.5,0.0,0.0,2,3030,3030,0.5119363750054617
HOSP-STD-15-01,961d3d2c3eef83296e641ca556961d3dcd1c5322dd32e37e43d498596b46e264,15,7,legacy_mixed,147.5017585,143.5016245,143.5,0.0,0.0,4,3030,3030,0.5102807910006959
HOSP-STD-15-01,961d3d2c3eef83296e641ca556961d3dcd1c5322dd32e37e43d498596b46e264,15,8,legacy_mixed,147.5017585,141.5013245,141.5,0.0,0.0,2,3030,3030,0.5103771669964772
HOSP-STD-15-01,961d3d2c3eef83296e641ca556961d3dcd1c5322dd32e37e43d498596b46e264,15,9,legacy_mixed,147.5017585,144.0014715,144.0,0.0,0.0,5,3030,3030,0.50928104200284
HOSP-STD-15-01,961d3d2c3eef83296e641ca556961d3dcd1c5322dd32e37e43d498596b46e264,15,10,legacy_mixed,147.5017585,147.5017365,147.5,0.0,0.0,8,3030,3030,0.5100058749958407
HOSP-STD-15-01,961d3d2c3eef83296e641ca556961d3dcd1c5322dd32e37e43d498596b46e264,15,11,legacy_mixed,147.5017585,137.0013605,137.0,0.0,0.0,3,3030,3030,0.5138717080044444
HOSP-STD-15-01,961d3d2c3eef83296e641ca556961d3dcd1c5322dd32e37e43d498596b46e264,15,12,legacy_mixed,147.5017585,142.0015605,142.0,0.0,0.0,2,3030,3030,0.5077668329977314
HOSP-STD-15-01,961d3d2c3eef83296e641ca556961d3dcd1c5322dd32e37e43d498596b46e264,15,13,legacy_mixed,147.5017585,144.5016005,144.5,0.0,0.0,3,3030,3030,0.5106703330020537
HOSP-STD-15-01,961d3d2c3eef83296e641ca556961d3dcd1c5322dd32e37e43d498596b46e264,15,14,legacy_mixed,147.5017585,145.5015415,145.5,0.0,0.0,3,3030,3030,0.5100418340007309
HOSP-STD-15-01,961d3d2c3eef83296e641ca556961d3dcd1c5322dd32e37e43d498596b46e264,15,15,legacy_mixed,147.5017585,140.5015005,140.5,0.0,0.0,1,3030,3030,0.5094223749983939
HOSP-STD-15-01,961d3d2c3eef83296e641ca556961d3dcd1c5322dd32e37e43d498596b46e264,15,16,legacy_mixed,147.5017585,146.5015785,146.5,0.0,0.0,6,3030,3030,0.5073407500021858
HOSP-STD-15-01,961d3d2c3eef83296e641ca556961d3dcd1c5322dd32e37e43d498596b46e264,15,17,legacy_mixed,147.5017585,147.451441,146.5,0.5,0.5,4,3030,3030,0.5160224580031354
HOSP-STD-15-01,961d3d2c3eef83296e641ca556961d3dcd1c5322dd32e37e43d498596b46e264,15,18,legacy_mixed,147.5017585,146.5014695,146.5,0.0,0.0,1,3030,3030,0.5173714160046075
HOSP-STD-15-01,961d3d2c3eef83296e641ca556961d3dcd1c5322dd32e37e43d498596b46e264,15,19,legacy_mixed,147.5017585,144.5013645,144.5,0.0,0.0,4,3030,3030,0.5121017089986708
HOSP-STD-15-02,f315107711baef80dca74f77944f3ddf1643e5a1d35edd4016bbea6bbc495e03,15,0,legacy_mixed,196.052003,174.0017655,174.0,0.0,0.0,3,3030,3030,0.5080631660021027
HOSP-STD-15-02,f315107711baef80dca74f77944f3ddf1643e5a1d35edd4016bbea6bbc495e03,15,1,legacy_mixed,196.052003,171.5019055,171.5,0.0,0.0,7,3030,3030,0.5053480830029002
HOSP-STD-15-02,f315107711baef80dca74f77944f3ddf1643e5a1d35edd4016bbea6bbc495e03,15,2,legacy_mixed,196.052003,174.0019885,174.0,0.0,0.0,3,3030,3030,0.5052720829989994
HOSP-STD-15-02,f315107711baef80dca74f77944f3ddf1643e5a1d35edd4016bbea6bbc495e03,15,3,legacy_mixed,196.052003,171.5015955,171.5,0.0,0.0,5,3030,3030,0.5060255829957896
HOSP-STD-15-02,f315107711baef80dca74f77944f3ddf1643e5a1d35edd4016bbea6bbc495e03,15,4,legacy_mixed,196.052003,163.5018405,163.5,0.0,0.0,1,3030,3030,0.5072025419940474
HOSP-STD-15-02,f315107711baef80dca74f77944f3ddf1643e5a1d35edd4016bbea6bbc495e03,15,5,legacy_mixed,196.052003,167.5018985,167.5,0.0,0.0,2,3030,3030,0.5017912080002134
HOSP-STD-15-02,f315107711baef80dca74f77944f3ddf1643e5a1d35edd4016bbea6bbc495e03,15,6,legacy_mixed,196.052003,167.0018105,167.0,0.0,0.0,7,3030,3030,0.5069896249988233
HOSP-STD-15-02,f315107711baef80dca74f77944f3ddf1643e5a1d35edd4016bbea6bbc495e03,15,7,legacy_mixed,196.052003,165.5018895,165.5,0.0,0.0,4,3030,3030,0.5027085830006399
HOSP-STD-15-02,f315107711baef80dca74f77944f3ddf1643e5a1d35edd4016bbea6bbc495e03,15,8,legacy_mixed,196.052003,174.0018805,174.0,0.0,0.0,4,3030,3030,0.5021519580041058
HOSP-STD-15-02,f315107711baef80dca74f77944f3ddf1643e5a1d35edd4016bbea6bbc495e03,15,9,legacy_mixed,196.052003,173.95193799999998,173.0,0.5,0.5,3,3030,3030,0.5002482920026523
HOSP-STD-15-02,f315107711baef80dca74f77944f3ddf1643e5a1d35edd4016bbea6bbc495e03,15,10,legacy_mixed,196.052003,166.5017645,166.5,0.0,0.0,5,3030,3030,0.5071306669997284
HOSP-STD-15-02,f315107711baef80dca74f77944f3ddf1643e5a1d35edd4016bbea6bbc495e03,15,11,legacy_mixed,196.052003,170.0018475,170.0,0.0,0.0,3,3030,3030,0.5041031250002561
HOSP-STD-15-02,f315107711baef80dca74f77944f3ddf1643e5a1d35edd4016bbea6bbc495e03,15,12,legacy_mixed,196.052003,174.0018955,174.0,0.0,0.0,4,3030,3030,0.5060040419994039
HOSP-STD-15-02,f315107711baef80dca74f77944f3ddf1643e5a1d35edd4016bbea6bbc495e03,15,13,legacy_mixed,196.052003,159.0018195,159.0,0.0,0.0,3,3030,3030,0.5033622909977566
HOSP-STD-15-02,f315107711baef80dca74f77944f3ddf1643e5a1d35edd4016bbea6bbc495e03,15,14,legacy_mixed,196.052003,172.0019195,172.0,0.0,0.0,7,3030,3030,0.504831792000914
HOSP-STD-15-02,f315107711baef80dca74f77944f3ddf1643e5a1d35edd4016bbea6bbc495e03,15,15,legacy_mixed,196.052003,165.5019935,165.5,0.0,0.0,5,3030,3030,0.5068540829961421
HOSP-STD-15-02,f315107711baef80dca74f77944f3ddf1643e5a1d35edd4016bbea6bbc495e03,15,16,legacy_mixed,196.052003,168.0019665,168.0,0.0,0.0,6,3030,3030,0.5028889590030303
HOSP-STD-15-02,f315107711baef80dca74f77944f3ddf1643e5a1d35edd4016bbea6bbc495e03,15,17,legacy_mixed,196.052003,174.0018315,174.0,0.0,0.0,0,3030,3030,0.5033289170023636
HOSP-STD-15-02,f315107711baef80dca74f77944f3ddf1643e5a1d35edd4016bbea6bbc495e03,15,18,legacy_mixed,196.052003,173.0018585,173.0,0.0,0.0,6,3030,3030,0.5060624160032603
HOSP-STD-15-02,f315107711baef80dca74f77944f3ddf1643e5a1d35edd4016bbea6bbc495e03,15,19,legacy_mixed,196.052003,170.5019435,170.5,0.0,0.0,4,3030,3030,0.5018503750034142
HOSP-STD-15-03,1c59e8d211dafb58fed0e0f6cb6acc4ce21b77aa0b6c3ea02ea5f28743328d4b,15,0,legacy_mixed,173.001258,158.9515165,158.0,0.5,0.5,5,3030,3030,0.5141379160049837
HOSP-STD-15-03,1c59e8d211dafb58fed0e0f6cb6acc4ce21b77aa0b6c3ea02ea5f28743328d4b,15,1,legacy_mixed,173.001258,166.50149,166.5,0.0,0.0,5,3030,3030,0.512243542005308
HOSP-STD-15-03,1c59e8d211dafb58fed0e0f6cb6acc4ce21b77aa0b6c3ea02ea5f28743328d4b,15,2,legacy_mixed,173.001258,151.001344,151.0,0.0,0.0,3,3030,3030,0.5113501670057303
HOSP-STD-15-03,1c59e8d211dafb58fed0e0f6cb6acc4ce21b77aa0b6c3ea02ea5f28743328d4b,15,3,legacy_mixed,173.001258,154.001462,154.0,0.0,0.0,3,3030,3030,0.5098742080008378
HOSP-STD-15-03,1c59e8d211dafb58fed0e0f6cb6acc4ce21b77aa0b6c3ea02ea5f28743328d4b,15,4,legacy_mixed,173.001258,155.501314,155.5,0.0,0.0,2,3030,3030,0.5128918749978766
HOSP-STD-15-03,1c59e8d211dafb58fed0e0f6cb6acc4ce21b77aa0b6c3ea02ea5f28743328d4b,15,5,legacy_mixed,173.001258,154.501258,154.5,0.0,0.0,1,3030,3030,0.507917582996015
HOSP-STD-15-03,1c59e8d211dafb58fed0e0f6cb6acc4ce21b77aa0b6c3ea02ea5f28743328d4b,15,6,legacy_mixed,173.001258,159.50139,159.5,0.0,0.0,4,3030,3030,0.5130292499961797
HOSP-STD-15-03,1c59e8d211dafb58fed0e0f6cb6acc4ce21b77aa0b6c3ea02ea5f28743328d4b,15,7,legacy_mixed,173.001258,151.001547,151.0,0.0,0.0,4,3030,3030,0.512530792002508
HOSP-STD-15-03,1c59e8d211dafb58fed0e0f6cb6acc4ce21b77aa0b6c3ea02ea5f28743328d4b,15,8,legacy_mixed,173.001258,154.501384,154.5,0.0,0.0,3,3030,3030,0.513125499994203
HOSP-STD-15-03,1c59e8d211dafb58fed0e0f6cb6acc4ce21b77aa0b6c3ea02ea5f28743328d4b,15,9,legacy_mixed,173.001258,152.1515065,150.0,1.5,1.0,3,3030,3030,0.5115238329963177
HOSP-STD-15-03,1c59e8d211dafb58fed0e0f6cb6acc4ce21b77aa0b6c3ea02ea5f28743328d4b,15,10,legacy_mixed,173.001258,158.501402,158.5,0.0,0.0,5,3030,3030,0.509190333999868
HOSP-STD-15-03,1c59e8d211dafb58fed0e0f6cb6acc4ce21b77aa0b6c3ea02ea5f28743328d4b,15,11,legacy_mixed,173.001258,153.50145,153.5,0.0,0.0,3,3030,3030,0.5094554999959655
HOSP-STD-15-03,1c59e8d211dafb58fed0e0f6cb6acc4ce21b77aa0b6c3ea02ea5f28743328d4b,15,12,legacy_mixed,173.001258,155.001576,155.0,0.0,0.0,5,3030,3030,0.5093144580023363
HOSP-STD-15-03,1c59e8d211dafb58fed0e0f6cb6acc4ce21b77aa0b6c3ea02ea5f28743328d4b,15,13,legacy_mixed,173.001258,147.001455,147.0,0.0,0.0,4,3030,3030,0.5093716250048601
HOSP-STD-15-03,1c59e8d211dafb58fed0e0f6cb6acc4ce21b77aa0b6c3ea02ea5f28743328d4b,15,14,legacy_mixed,173.001258,166.501391,166.5,0.0,0.0,3,3030,3030,0.5105113329991582
HOSP-STD-15-03,1c59e8d211dafb58fed0e0f6cb6acc4ce21b77aa0b6c3ea02ea5f28743328d4b,15,15,legacy_mixed,173.001258,153.501531,153.5,0.0,0.0,4,3030,3030,0.5077982080038055
HOSP-STD-15-03,1c59e8d211dafb58fed0e0f6cb6acc4ce21b77aa0b6c3ea02ea5f28743328d4b,15,16,legacy_mixed,173.001258,159.501406,159.5,0.0,0.0,5,3030,3030,0.5109599580027862
HOSP-STD-15-03,1c59e8d211dafb58fed0e0f6cb6acc4ce21b77aa0b6c3ea02ea5f28743328d4b,15,17,legacy_mixed,173.001258,148.501469,148.5,0.0,0.0,1,3030,3030,0.5079961249939515
HOSP-STD-15-03,1c59e8d211dafb58fed0e0f6cb6acc4ce21b77aa0b6c3ea02ea5f28743328d4b,15,18,legacy_mixed,173.001258,156.001433,156.0,0.0,0.0,3,3030,3030,0.5089272500044899
HOSP-STD-15-03,1c59e8d211dafb58fed0e0f6cb6acc4ce21b77aa0b6c3ea02ea5f28743328d4b,15,19,legacy_mixed,173.001258,149.9515085,149.0,0.5,0.5,4,3030,3030,0.5095273750048364
HOSP-STD-20-01,4020267125f32fb837f503d4f8454f15a1c2eaaa040c81268ca390cc0cb3914b,20,0,legacy_mixed,182.0031645,181.5028135,181.5,0.0,0.0,7,3030,3030,0.7645777500001714
HOSP-STD-20-01,4020267125f32fb837f503d4f8454f15a1c2eaaa040c81268ca390cc0cb3914b,20,1,legacy_mixed,182.0031645,176.0028145,176.0,0.0,0.0,5,3030,3030,0.7635034159975476
HOSP-STD-20-01,4020267125f32fb837f503d4f8454f15a1c2eaaa040c81268ca390cc0cb3914b,20,2,legacy_mixed,182.0031645,181.0025495,181.0,0.0,0.0,4,3030,3030,0.7706882499987842
HOSP-STD-20-01,4020267125f32fb837f503d4f8454f15a1c2eaaa040c81268ca390cc0cb3914b,20,3,legacy_mixed,182.0031645,180.0026085,180.0,0.0,0.0,2,3030,3030,0.7636060420045396
HOSP-STD-20-01,4020267125f32fb837f503d4f8454f15a1c2eaaa040c81268ca390cc0cb3914b,20,4,legacy_mixed,182.0031645,182.0031645,182.0,0.0,0.0,8,3030,3030,0.7603552919972572
HOSP-STD-20-01,4020267125f32fb837f503d4f8454f15a1c2eaaa040c81268ca390cc0cb3914b,20,5,legacy_mixed,182.0031645,182.0031645,182.0,0.0,0.0,8,3030,3030,0.7668468749980093
HOSP-STD-20-01,4020267125f32fb837f503d4f8454f15a1c2eaaa040c81268ca390cc0cb3914b,20,6,legacy_mixed,182.0031645,178.5026965,178.5,0.0,0.0,6,3030,3030,0.7699197499969159
HOSP-STD-20-01,4020267125f32fb837f503d4f8454f15a1c2eaaa040c81268ca390cc0cb3914b,20,7,legacy_mixed,182.0031645,182.0031645,182.0,0.0,0.0,8,3030,3030,0.7587513750040671
HOSP-STD-20-01,4020267125f32fb837f503d4f8454f15a1c2eaaa040c81268ca390cc0cb3914b,20,8,legacy_mixed,182.0031645,182.0031645,182.0,0.0,0.0,8,3030,3030,0.7648806249999325
HOSP-STD-20-01,4020267125f32fb837f503d4f8454f15a1c2eaaa040c81268ca390cc0cb3914b,20,9,legacy_mixed,182.0031645,182.0031245,182.0,0.0,0.0,8,3030,3030,0.7593317499995464
HOSP-STD-20-01,4020267125f32fb837f503d4f8454f15a1c2eaaa040c81268ca390cc0cb3914b,20,10,legacy_mixed,182.0031645,180.0026245,180.0,0.0,0.0,2,3030,3030,0.763957457995275
HOSP-STD-20-01,4020267125f32fb837f503d4f8454f15a1c2eaaa040c81268ca390cc0cb3914b,20,11,legacy_mixed,182.0031645,180.5031365,180.5,0.0,0.0,5,3030,3030,0.7643830000015441
HOSP-STD-20-01,4020267125f32fb837f503d4f8454f15a1c2eaaa040c81268ca390cc0cb3914b,20,12,legacy_mixed,182.0031645,182.0031645,182.0,0.0,0.0,8,3030,3030,0.7613019159980468
HOSP-STD-20-01,4020267125f32fb837f503d4f8454f15a1c2eaaa040c81268ca390cc0cb3914b,20,13,legacy_mixed,182.0031645,175.5030115,175.5,0.0,0.0,7,3030,3030,0.7612924999993993
HOSP-STD-20-01,4020267125f32fb837f503d4f8454f15a1c2eaaa040c81268ca390cc0cb3914b,20,14,legacy_mixed,182.0031645,171.0028445,171.0,0.0,0.0,3,3030,3030,0.760931624994555
HOSP-STD-20-01,4020267125f32fb837f503d4f8454f15a1c2eaaa040c81268ca390cc0cb3914b,20,15,legacy_mixed,182.0031645,182.0031605,182.0,0.0,0.0,8,3030,3030,0.7582910829951288
HOSP-STD-20-01,4020267125f32fb837f503d4f8454f15a1c2eaaa040c81268ca390cc0cb3914b,20,16,legacy_mixed,182.0031645,182.0031545,182.0,0.0,0.0,7,3030,3030,0.759962459000235
HOSP-STD-20-01,4020267125f32fb837f503d4f8454f15a1c2eaaa040c81268ca390cc0cb3914b,20,17,legacy_mixed,182.0031645,182.0031645,182.0,0.0,0.0,8,3030,3030,0.7596820420003496
HOSP-STD-20-01,4020267125f32fb837f503d4f8454f15a1c2eaaa040c81268ca390cc0cb3914b,20,18,legacy_mixed,182.0031645,178.0029325,178.0,0.0,0.0,6,3030,3030,0.7609308749961201
HOSP-STD-20-01,4020267125f32fb837f503d4f8454f15a1c2eaaa040c81268ca390cc0cb3914b,20,19,legacy_mixed,182.0031645,182.0031245,182.0,0.0,0.0,8,3030,3030,0.7554485420041601
HOSP-STD-20-02,f4d7eb68c49ca8471778e951b75929acfd33ba8efe201fc46198b6734b219e6c,20,0,legacy_mixed,207.003448,207.003431,207.0,0.0,0.0,7,3030,3030,0.7504963329993188
HOSP-STD-20-02,f4d7eb68c49ca8471778e951b75929acfd33ba8efe201fc46198b6734b219e6c,20,1,legacy_mixed,207.003448,204.503397,204.5,0.0,0.0,7,3030,3030,0.7536692920039059
HOSP-STD-20-02,f4d7eb68c49ca8471778e951b75929acfd33ba8efe201fc46198b6734b219e6c,20,2,legacy_mixed,207.003448,207.003448,207.0,0.0,0.0,8,3030,3030,0.755362709001929
HOSP-STD-20-02,f4d7eb68c49ca8471778e951b75929acfd33ba8efe201fc46198b6734b219e6c,20,3,legacy_mixed,207.003448,207.003448,207.0,0.0,0.0,8,3030,3030,0.7530106659978628
HOSP-STD-20-02,f4d7eb68c49ca8471778e951b75929acfd33ba8efe201fc46198b6734b219e6c,20,4,legacy_mixed,207.003448,207.003448,207.0,0.0,0.0,8,3030,3030,0.7572149999978137
HOSP-STD-20-02,f4d7eb68c49ca8471778e951b75929acfd33ba8efe201fc46198b6734b219e6c,20,5,legacy_mixed,207.003448,207.003442,207.0,0.0,0.0,7,3030,3030,0.7536184590062476
HOSP-STD-20-02,f4d7eb68c49ca8471778e951b75929acfd33ba8efe201fc46198b6734b219e6c,20,6,legacy_mixed,207.003448,207.003448,207.0,0.0,0.0,8,3030,3030,0.7565944169982686
HOSP-STD-20-02,f4d7eb68c49ca8471778e951b75929acfd33ba8efe201fc46198b6734b219e6c,20,7,legacy_mixed,207.003448,205.003232,205.0,0.0,0.0,4,3030,3030,0.800370249999105
HOSP-STD-20-02,f4d7eb68c49ca8471778e951b75929acfd33ba8efe201fc46198b6734b219e6c,20,8,legacy_mixed,207.003448,207.003416,207.0,0.0,0.0,6,3030,3030,0.7857013329994516
HOSP-STD-20-02,f4d7eb68c49ca8471778e951b75929acfd33ba8efe201fc46198b6734b219e6c,20,9,legacy_mixed,207.003448,207.003448,207.0,0.0,0.0,8,3030,3030,0.8141030830011005
HOSP-STD-20-02,f4d7eb68c49ca8471778e951b75929acfd33ba8efe201fc46198b6734b219e6c,20,10,legacy_mixed,207.003448,207.003448,207.0,0.0,0.0,8,3030,3030,0.7684624579997035
HOSP-STD-20-02,f4d7eb68c49ca8471778e951b75929acfd33ba8efe201fc46198b6734b219e6c,20,11,legacy_mixed,207.003448,207.003448,207.0,0.0,0.0,8,3030,3030,0.7603339170018444
HOSP-STD-20-02,f4d7eb68c49ca8471778e951b75929acfd33ba8efe201fc46198b6734b219e6c,20,12,legacy_mixed,207.003448,204.503419,204.5,0.0,0.0,5,3030,3030,0.7558348750026198
HOSP-STD-20-02,f4d7eb68c49ca8471778e951b75929acfd33ba8efe201fc46198b6734b219e6c,20,13,legacy_mixed,207.003448,204.5034,204.5,0.0,0.0,5,3030,3030,0.7562898329997552
HOSP-STD-20-02,f4d7eb68c49ca8471778e951b75929acfd33ba8efe201fc46198b6734b219e6c,20,14,legacy_mixed,207.003448,206.00341,206.0,0.0,0.0,6,3030,3030,0.7535865840036422
HOSP-STD-20-02,f4d7eb68c49ca8471778e951b75929acfd33ba8efe201fc46198b6734b219e6c,20,15,legacy_mixed,207.003448,207.003448,207.0,0.0,0.0,8,3030,3030,0.7568117919945507
HOSP-STD-20-02,f4d7eb68c49ca8471778e951b75929acfd33ba8efe201fc46198b6734b219e6c,20,16,legacy_mixed,207.003448,207.003448,207.0,0.0,0.0,8,3030,3030,0.7605019999973592
HOSP-STD-20-02,f4d7eb68c49ca8471778e951b75929acfd33ba8efe201fc46198b6734b219e6c,20,17,legacy_mixed,207.003448,203.503385,203.5,0.0,0.0,4,3030,3030,0.8491489580046618
HOSP-STD-20-02,f4d7eb68c49ca8471778e951b75929acfd33ba8efe201fc46198b6734b219e6c,20,18,legacy_mixed,207.003448,207.003431,207.0,0.0,0.0,7,3030,3030,0.8551476669963449
HOSP-STD-20-02,f4d7eb68c49ca8471778e951b75929acfd33ba8efe201fc46198b6734b219e6c,20,19,legacy_mixed,207.003448,206.003429,206.0,0.0,0.0,6,3030,3030,0.7685441249996074
HOSP-STD-20-03,cf8acc0cbb3e3f835da745a06eee3784454065eef9e3b7278add7d92128fa270,20,0,legacy_mixed,226.5025485,205.253086,200.5,2.5,2.5,8,3030,3030,0.7717354580017854
HOSP-STD-20-03,cf8acc0cbb3e3f835da745a06eee3784454065eef9e3b7278add7d92128fa270,20,1,legacy_mixed,226.5025485,200.0029605,200.0,0.0,0.0,5,3030,3030,0.7721504590008408
HOSP-STD-20-03,cf8acc0cbb3e3f835da745a06eee3784454065eef9e3b7278add7d92128fa270,20,2,legacy_mixed,226.5025485,207.5028095,207.5,0.0,0.0,8,3030,3030,0.7716700000019046
HOSP-STD-20-03,cf8acc0cbb3e3f835da745a06eee3784454065eef9e3b7278add7d92128fa270,20,3,legacy_mixed,226.5025485,204.5027405,204.5,0.0,0.0,7,3030,3030,0.7703710419955314
HOSP-STD-20-03,cf8acc0cbb3e3f835da745a06eee3784454065eef9e3b7278add7d92128fa270,20,4,legacy_mixed,226.5025485,206.5030145,206.5,0.0,0.0,9,3030,3030,0.7715103330046986
HOSP-STD-20-03,cf8acc0cbb3e3f835da745a06eee3784454065eef9e3b7278add7d92128fa270,20,5,legacy_mixed,226.5025485,198.0025115,198.0,0.0,0.0,7,3030,3030,0.7685671669969452
HOSP-STD-20-03,cf8acc0cbb3e3f835da745a06eee3784454065eef9e3b7278add7d92128fa270,20,6,legacy_mixed,226.5025485,198.0026945,198.0,0.0,0.0,5,3030,3030,0.7661962909987778
HOSP-STD-20-03,cf8acc0cbb3e3f835da745a06eee3784454065eef9e3b7278add7d92128fa270,20,7,legacy_mixed,226.5025485,200.30286550000002,196.0,3.0,2.0,9,3030,3030,0.7724408750000293
HOSP-STD-20-03,cf8acc0cbb3e3f835da745a06eee3784454065eef9e3b7278add7d92128fa270,20,8,legacy_mixed,226.5025485,191.0024945,191.0,0.0,0.0,5,3030,3030,0.7717150419994141
HOSP-STD-20-03,cf8acc0cbb3e3f835da745a06eee3784454065eef9e3b7278add7d92128fa270,20,9,legacy_mixed,226.5025485,189.5025495,189.5,0.0,0.0,5,3030,3030,0.809845541996765
HOSP-STD-20-03,cf8acc0cbb3e3f835da745a06eee3784454065eef9e3b7278add7d92128fa270,20,10,legacy_mixed,226.5025485,202.5030465,202.5,0.0,0.0,7,3030,3030,0.7677467920002528
HOSP-STD-20-03,cf8acc0cbb3e3f835da745a06eee3784454065eef9e3b7278add7d92128fa270,20,11,legacy_mixed,226.5025485,206.0029695,206.0,0.0,0.0,9,3030,3030,0.766329540994775
HOSP-STD-20-03,cf8acc0cbb3e3f835da745a06eee3784454065eef9e3b7278add7d92128fa270,20,12,legacy_mixed,226.5025485,197.0024975,197.0,0.0,0.0,8,3030,3030,0.7679675830004271
HOSP-STD-20-03,cf8acc0cbb3e3f835da745a06eee3784454065eef9e3b7278add7d92128fa270,20,13,legacy_mixed,226.5025485,200.5024505,200.5,0.0,0.0,5,3030,3030,0.7751934580010129
HOSP-STD-20-03,cf8acc0cbb3e3f835da745a06eee3784454065eef9e3b7278add7d92128fa270,20,14,legacy_mixed,226.5025485,193.5030345,193.5,0.0,0.0,4,3030,3030,0.773855834006099
HOSP-STD-20-03,cf8acc0cbb3e3f835da745a06eee3784454065eef9e3b7278add7d92128fa270,20,15,legacy_mixed,226.5025485,199.5026925,199.5,0.0,0.0,7,3030,3030,0.7723680419949233
HOSP-STD-20-03,cf8acc0cbb3e3f835da745a06eee3784454065eef9e3b7278add7d92128fa270,20,16,legacy_mixed,226.5025485,198.0027295,198.0,0.0,0.0,7,3030,3030,0.764316124994366
HOSP-STD-20-03,cf8acc0cbb3e3f835da745a06eee3784454065eef9e3b7278add7d92128fa270,20,17,legacy_mixed,226.5025485,206.0029145,206.0,0.0,0.0,10,3030,3030,0.7678668750013458
HOSP-STD-20-03,cf8acc0cbb3e3f835da745a06eee3784454065eef9e3b7278add7d92128fa270,20,18,legacy_mixed,226.5025485,201.95268199999998,201.0,0.5,0.5,6,3030,3030,0.7736051669999142
HOSP-STD-20-03,cf8acc0cbb3e3f835da745a06eee3784454065eef9e3b7278add7d92128fa270,20,19,legacy_mixed,226.5025485,201.5027435,201.5,0.0,0.0,6,3030,3030,0.7736200420040404
HOSP-STD-25-01,0ae95d5e511979da55ccca585a1eb6136928c1e313c5f44fbda4766889092b8e,25,0,legacy_mixed,239.7037225,223.0038115,223.0,0.0,0.0,9,3030,3030,1.1052087910065893
HOSP-STD-25-01,0ae95d5e511979da55ccca585a1eb6136928c1e313c5f44fbda4766889092b8e,25,1,legacy_mixed,239.7037225,206.0037625,206.0,0.0,0.0,6,3030,3030,1.103466832995764
HOSP-STD-25-01,0ae95d5e511979da55ccca585a1eb6136928c1e313c5f44fbda4766889092b8e,25,2,legacy_mixed,239.7037225,222.5037055,222.5,0.0,0.0,9,3030,3030,1.1076225409997278
HOSP-STD-25-01,0ae95d5e511979da55ccca585a1eb6136928c1e313c5f44fbda4766889092b8e,25,3,legacy_mixed,239.7037225,224.9041125,223.0,1.0,1.0,13,3030,3030,1.1186844580006436
HOSP-STD-25-01,0ae95d5e511979da55ccca585a1eb6136928c1e313c5f44fbda4766889092b8e,25,4,legacy_mixed,239.7037225,221.0042285,221.0,0.0,0.0,9,3030,3030,1.0989103329993668
HOSP-STD-25-01,0ae95d5e511979da55ccca585a1eb6136928c1e313c5f44fbda4766889092b8e,25,5,legacy_mixed,239.7037225,220.0037895,220.0,0.0,0.0,10,3030,3030,1.1035859170006006
HOSP-STD-25-01,0ae95d5e511979da55ccca585a1eb6136928c1e313c5f44fbda4766889092b8e,25,6,legacy_mixed,239.7037225,232.65428500000002,226.0,3.5,3.5,11,3030,3030,1.1071278329982306
HOSP-STD-25-01,0ae95d5e511979da55ccca585a1eb6136928c1e313c5f44fbda4766889092b8e,25,7,legacy_mixed,239.7037225,229.5041155,229.5,0.0,0.0,9,3030,3030,1.102492792000703
HOSP-STD-25-01,0ae95d5e511979da55ccca585a1eb6136928c1e313c5f44fbda4766889092b8e,25,8,legacy_mixed,239.7037225,219.5039375,219.5,0.0,0.0,10,3030,3030,1.1043616669994663
HOSP-STD-25-01,0ae95d5e511979da55ccca585a1eb6136928c1e313c5f44fbda4766889092b8e,25,9,legacy_mixed,239.7037225,212.85401199999998,210.0,1.5,1.5,7,3030,3030,1.1013525829985156
HOSP-STD-25-01,0ae95d5e511979da55ccca585a1eb6136928c1e313c5f44fbda4766889092b8e,25,10,legacy_mixed,239.7037225,228.0037145,228.0,0.0,0.0,9,3030,3030,1.118543958000373
HOSP-STD-25-01,0ae95d5e511979da55ccca585a1eb6136928c1e313c5f44fbda4766889092b8e,25,11,legacy_mixed,239.7037225,217.0038965,217.0,0.0,0.0,7,3030,3030,1.1014249579966418
HOSP-STD-25-01,0ae95d5e511979da55ccca585a1eb6136928c1e313c5f44fbda4766889092b8e,25,12,legacy_mixed,239.7037225,224.8040465,221.0,2.0,2.0,8,3030,3030,1.1087582920008572
HOSP-STD-25-01,0ae95d5e511979da55ccca585a1eb6136928c1e313c5f44fbda4766889092b8e,25,13,legacy_mixed,239.7037225,225.0039625,225.0,0.0,0.0,10,3030,3030,1.112329083000077
HOSP-STD-25-01,0ae95d5e511979da55ccca585a1eb6136928c1e313c5f44fbda4766889092b8e,25,14,legacy_mixed,239.7037225,230.0040685,230.0,0.0,0.0,8,3030,3030,1.1121074999973644
HOSP-STD-25-01,0ae95d5e511979da55ccca585a1eb6136928c1e313c5f44fbda4766889092b8e,25,15,legacy_mixed,239.7037225,216.5037455,216.5,0.0,0.0,7,3030,3030,1.1078156670046155
HOSP-STD-25-01,0ae95d5e511979da55ccca585a1eb6136928c1e313c5f44fbda4766889092b8e,25,16,legacy_mixed,239.7037225,208.0037795,208.0,0.0,0.0,8,3030,3030,1.1077587920008227
HOSP-STD-25-01,0ae95d5e511979da55ccca585a1eb6136928c1e313c5f44fbda4766889092b8e,25,17,legacy_mixed,239.7037225,228.5040345,228.5,0.0,0.0,10,3030,3030,1.10623520900117
HOSP-STD-25-01,0ae95d5e511979da55ccca585a1eb6136928c1e313c5f44fbda4766889092b8e,25,18,legacy_mixed,239.7037225,225.5038555,225.5,0.0,0.0,7,3030,3030,1.108266832998197
HOSP-STD-25-01,0ae95d5e511979da55ccca585a1eb6136928c1e313c5f44fbda4766889092b8e,25,19,legacy_mixed,239.7037225,220.5038385,220.5,0.0,0.0,7,3030,3030,1.1030277910031145
HOSP-STD-25-02,111e3dbf700a52182fb348e3992e1ca35fa16ea56d3fdab97ee16fdc5a83af70,25,0,legacy_mixed,267.0042625,257.0043185,257.0,0.0,0.0,10,3030,3030,1.0857155000048806
HOSP-STD-25-02,111e3dbf700a52182fb348e3992e1ca35fa16ea56d3fdab97ee16fdc5a83af70,25,1,legacy_mixed,267.0042625,250.0042945,250.0,0.0,0.0,7,3030,3030,1.0958534579986008
HOSP-STD-25-02,111e3dbf700a52182fb348e3992e1ca35fa16ea56d3fdab97ee16fdc5a83af70,25,2,legacy_mixed,267.0042625,255.0045775,255.0,0.0,0.0,8,3030,3030,1.0899591249981313
HOSP-STD-25-02,111e3dbf700a52182fb348e3992e1ca35fa16ea56d3fdab97ee16fdc5a83af70,25,3,legacy_mixed,267.0042625,253.0044785,253.0,0.0,0.0,10,3030,3030,1.093715583003359
HOSP-STD-25-02,111e3dbf700a52182fb348e3992e1ca35fa16ea56d3fdab97ee16fdc5a83af70,25,4,legacy_mixed,267.0042625,246.5043125,246.5,0.0,0.0,10,3030,3030,1.0889201250029146
HOSP-STD-25-02,111e3dbf700a52182fb348e3992e1ca35fa16ea56d3fdab97ee16fdc5a83af70,25,5,legacy_mixed,267.0042625,253.5045455,253.5,0.0,0.0,13,3030,3030,1.0822181250041467
HOSP-STD-25-02,111e3dbf700a52182fb348e3992e1ca35fa16ea56d3fdab97ee16fdc5a83af70,25,6,legacy_mixed,267.0042625,256.0047795,256.0,0.0,0.0,9,3030,3030,1.0872201669990318
HOSP-STD-25-02,111e3dbf700a52182fb348e3992e1ca35fa16ea56d3fdab97ee16fdc5a83af70,25,7,legacy_mixed,267.0042625,266.0048525,266.0,0.0,0.0,7,3030,3030,1.0856232500009355
HOSP-STD-25-02,111e3dbf700a52182fb348e3992e1ca35fa16ea56d3fdab97ee16fdc5a83af70,25,8,legacy_mixed,267.0042625,252.0045865,252.0,0.0,0.0,8,3030,3030,1.088497874996392
HOSP-STD-25-02,111e3dbf700a52182fb348e3992e1ca35fa16ea56d3fdab97ee16fdc5a83af70,25,9,legacy_mixed,267.0042625,255.0045295,255.0,0.0,0.0,10,3030,3030,1.1776667500016629
HOSP-STD-25-02,111e3dbf700a52182fb348e3992e1ca35fa16ea56d3fdab97ee16fdc5a83af70,25,10,legacy_mixed,267.0042625,267.0042395,267.0,0.0,0.0,10,3030,3030,1.0873857500046142
HOSP-STD-25-02,111e3dbf700a52182fb348e3992e1ca35fa16ea56d3fdab97ee16fdc5a83af70,25,11,legacy_mixed,267.0042625,264.5047785,264.5,0.0,0.0,10,3030,3030,1.0834602090035332
HOSP-STD-25-02,111e3dbf700a52182fb348e3992e1ca35fa16ea56d3fdab97ee16fdc5a83af70,25,12,legacy_mixed,267.0042625,260.0045205,260.0,0.0,0.0,7,3030,3030,1.0988377499961643
HOSP-STD-25-02,111e3dbf700a52182fb348e3992e1ca35fa16ea56d3fdab97ee16fdc5a83af70,25,13,legacy_mixed,267.0042625,252.0049245,252.0,0.0,0.0,8,3030,3030,1.0962625419997494
HOSP-STD-25-02,111e3dbf700a52182fb348e3992e1ca35fa16ea56d3fdab97ee16fdc5a83af70,25,14,legacy_mixed,267.0042625,256.85459000000003,254.0,1.5,1.5,8,3030,3030,1.0905787080046139
HOSP-STD-25-02,111e3dbf700a52182fb348e3992e1ca35fa16ea56d3fdab97ee16fdc5a83af70,25,15,legacy_mixed,267.0042625,259.0046725,259.0,0.0,0.0,5,3030,3030,1.0926169580052374
HOSP-STD-25-02,111e3dbf700a52182fb348e3992e1ca35fa16ea56d3fdab97ee16fdc5a83af70,25,16,legacy_mixed,267.0042625,258.5047385,258.5,0.0,0.0,11,3030,3030,1.092194541997742
HOSP-STD-25-02,111e3dbf700a52182fb348e3992e1ca35fa16ea56d3fdab97ee16fdc5a83af70,25,17,legacy_mixed,267.0042625,267.0042625,267.0,0.0,0.0,11,3030,3030,1.1228108329960378
HOSP-STD-25-02,111e3dbf700a52182fb348e3992e1ca35fa16ea56d3fdab97ee16fdc5a83af70,25,18,legacy_mixed,267.0042625,267.0042625,267.0,0.0,0.0,11,3030,3030,1.0808686660020612
HOSP-STD-25-02,111e3dbf700a52182fb348e3992e1ca35fa16ea56d3fdab97ee16fdc5a83af70,25,19,legacy_mixed,267.0042625,267.0042625,267.0,0.0,0.0,11,3030,3030,1.0882207500035292
HOSP-STD-25-03,2d6e6d85cbec6219069261e929485a64f4ffcd10e2507b980fb2121f19a54ec7,25,0,legacy_mixed,239.0037505,239.0037505,239.0,0.0,0.0,10,3030,3030,1.1206433750048745
HOSP-STD-25-03,2d6e6d85cbec6219069261e929485a64f4ffcd10e2507b980fb2121f19a54ec7,25,1,legacy_mixed,239.0037505,225.0038315,225.0,0.0,0.0,4,3030,3030,1.202523582993308
HOSP-STD-25-03,2d6e6d85cbec6219069261e929485a64f4ffcd10e2507b980fb2121f19a54ec7,25,2,legacy_mixed,239.0037505,231.0039725,231.0,0.0,0.0,11,3030,3030,1.1503651250022813
HOSP-STD-25-03,2d6e6d85cbec6219069261e929485a64f4ffcd10e2507b980fb2121f19a54ec7,25,3,legacy_mixed,239.0037505,231.5039345,231.5,0.0,0.0,9,3030,3030,1.1367876660006004
HOSP-STD-25-03,2d6e6d85cbec6219069261e929485a64f4ffcd10e2507b980fb2121f19a54ec7,25,4,legacy_mixed,239.0037505,238.0041965,238.0,0.0,0.0,9,3030,3030,1.1188092080046772
HOSP-STD-25-03,2d6e6d85cbec6219069261e929485a64f4ffcd10e2507b980fb2121f19a54ec7,25,5,legacy_mixed,239.0037505,220.0038785,220.0,0.0,0.0,8,3030,3030,1.1149142919966835
HOSP-STD-25-03,2d6e6d85cbec6219069261e929485a64f4ffcd10e2507b980fb2121f19a54ec7,25,6,legacy_mixed,239.0037505,222.5043425,222.5,0.0,0.0,8,3030,3030,1.1309595409984468
HOSP-STD-25-03,2d6e6d85cbec6219069261e929485a64f4ffcd10e2507b980fb2121f19a54ec7,25,7,legacy_mixed,239.0037505,239.0037505,239.0,0.0,0.0,10,3030,3030,1.1146465839992743
HOSP-STD-25-03,2d6e6d85cbec6219069261e929485a64f4ffcd10e2507b980fb2121f19a54ec7,25,8,legacy_mixed,239.0037505,231.0038465,231.0,0.0,0.0,10,3030,3030,1.1145427499941434
HOSP-STD-25-03,2d6e6d85cbec6219069261e929485a64f4ffcd10e2507b980fb2121f19a54ec7,25,9,legacy_mixed,239.0037505,239.0037505,239.0,0.0,0.0,10,3030,3030,1.1145053340005688
HOSP-STD-25-03,2d6e6d85cbec6219069261e929485a64f4ffcd10e2507b980fb2121f19a54ec7,25,10,legacy_mixed,239.0037505,226.5038585,226.5,0.0,0.0,9,3030,3030,1.1254108749999432
HOSP-STD-25-03,2d6e6d85cbec6219069261e929485a64f4ffcd10e2507b980fb2121f19a54ec7,25,11,legacy_mixed,239.0037505,239.0037375,239.0,0.0,0.0,9,3030,3030,1.122674875005032
HOSP-STD-25-03,2d6e6d85cbec6219069261e929485a64f4ffcd10e2507b980fb2121f19a54ec7,25,12,legacy_mixed,239.0037505,231.0037345,231.0,0.0,0.0,9,3030,3030,1.1207776669980376
HOSP-STD-25-03,2d6e6d85cbec6219069261e929485a64f4ffcd10e2507b980fb2121f19a54ec7,25,13,legacy_mixed,239.0037505,223.0037245,223.0,0.0,0.0,7,3030,3030,1.118987207999453
HOSP-STD-25-03,2d6e6d85cbec6219069261e929485a64f4ffcd10e2507b980fb2121f19a54ec7,25,14,legacy_mixed,239.0037505,239.0037505,239.0,0.0,0.0,10,3030,3030,1.1253411249999772
HOSP-STD-25-03,2d6e6d85cbec6219069261e929485a64f4ffcd10e2507b980fb2121f19a54ec7,25,15,legacy_mixed,239.0037505,239.0037505,239.0,0.0,0.0,10,3030,3030,1.1209499999968102
HOSP-STD-25-03,2d6e6d85cbec6219069261e929485a64f4ffcd10e2507b980fb2121f19a54ec7,25,16,legacy_mixed,239.0037505,238.0041165,238.0,0.0,0.0,7,3030,3030,1.1110914160017273
HOSP-STD-25-03,2d6e6d85cbec6219069261e929485a64f4ffcd10e2507b980fb2121f19a54ec7,25,17,legacy_mixed,239.0037505,235.0039995,235.0,0.0,0.0,9,3030,3030,1.1235757079994073
HOSP-STD-25-03,2d6e6d85cbec6219069261e929485a64f4ffcd10e2507b980fb2121f19a54ec7,25,18,legacy_mixed,239.0037505,239.0037505,239.0,0.0,0.0,10,3030,3030,1.1213883750024252
HOSP-STD-25-03,2d6e6d85cbec6219069261e929485a64f4ffcd10e2507b980fb2121f19a54ec7,25,19,legacy_mixed,239.0037505,239.0037505,239.0,0.0,0.0,10,3030,3030,1.1217586249986198
HOSP-STD-30-01,2f04176e649b56a7972631b0814e3932667b13b8da7df0c9bd837592c1400685,30,0,legacy_mixed,269.40525549999995,261.5056975,261.5,0.0,0.0,12,3030,3030,1.5303054579999298
HOSP-STD-30-01,2f04176e649b56a7972631b0814e3932667b13b8da7df0c9bd837592c1400685,30,1,legacy_mixed,269.40525549999995,256.5053225,256.5,0.0,0.0,16,3030,3030,1.5433463329973165
HOSP-STD-30-01,2f04176e649b56a7972631b0814e3932667b13b8da7df0c9bd837592c1400685,30,2,legacy_mixed,269.40525549999995,256.9053575,255.0,1.0,1.0,16,3030,3030,1.5450906250043772
HOSP-STD-30-01,2f04176e649b56a7972631b0814e3932667b13b8da7df0c9bd837592c1400685,30,3,legacy_mixed,269.40525549999995,258.5055145,258.5,0.0,0.0,16,3030,3030,1.527226915997744
HOSP-STD-30-01,2f04176e649b56a7972631b0814e3932667b13b8da7df0c9bd837592c1400685,30,4,legacy_mixed,269.40525549999995,257.0053515,257.0,0.0,0.0,9,3030,3030,1.5370044170049368
HOSP-STD-30-01,2f04176e649b56a7972631b0814e3932667b13b8da7df0c9bd837592c1400685,30,5,legacy_mixed,269.40525549999995,266.0059745,266.0,0.0,0.0,14,3030,3030,1.5741609590040753
HOSP-STD-30-01,2f04176e649b56a7972631b0814e3932667b13b8da7df0c9bd837592c1400685,30,6,legacy_mixed,269.40525549999995,264.0055115,264.0,0.0,0.0,12,3030,3030,1.5354564170047524
HOSP-STD-30-01,2f04176e649b56a7972631b0814e3932667b13b8da7df0c9bd837592c1400685,30,7,legacy_mixed,269.40525549999995,267.055204,258.5,4.5,4.5,16,3030,3030,1.5286670839996077
HOSP-STD-30-01,2f04176e649b56a7972631b0814e3932667b13b8da7df0c9bd837592c1400685,30,8,legacy_mixed,269.40525549999995,259.5054355,259.5,0.0,0.0,10,3030,3030,1.5267544590024045
HOSP-STD-30-01,2f04176e649b56a7972631b0814e3932667b13b8da7df0c9bd837592c1400685,30,9,legacy_mixed,269.40525549999995,251.45525099999998,250.5,0.5,0.5,8,3030,3030,1.5321623749987339
HOSP-STD-30-01,2f04176e649b56a7972631b0814e3932667b13b8da7df0c9bd837592c1400685,30,10,legacy_mixed,269.40525549999995,250.5052455,250.5,0.0,0.0,10,3030,3030,1.5311198749986943
HOSP-STD-30-01,2f04176e649b56a7972631b0814e3932667b13b8da7df0c9bd837592c1400685,30,11,legacy_mixed,269.40525549999995,259.5054355,259.5,0.0,0.0,9,3030,3030,1.545642457997019
HOSP-STD-30-01,2f04176e649b56a7972631b0814e3932667b13b8da7df0c9bd837592c1400685,30,12,legacy_mixed,269.40525549999995,259.0055965,259.0,0.0,0.0,12,3030,3030,1.5320131660046172
HOSP-STD-30-01,2f04176e649b56a7972631b0814e3932667b13b8da7df0c9bd837592c1400685,30,13,legacy_mixed,269.40525549999995,267.5052945,267.5,0.0,0.0,13,3030,3030,1.540207209000073
HOSP-STD-30-01,2f04176e649b56a7972631b0814e3932667b13b8da7df0c9bd837592c1400685,30,14,legacy_mixed,269.40525549999995,255.5055345,255.5,0.0,0.0,13,3030,3030,1.5393633339990629
HOSP-STD-30-01,2f04176e649b56a7972631b0814e3932667b13b8da7df0c9bd837592c1400685,30,15,legacy_mixed,269.40525549999995,257.0061765,257.0,0.0,0.0,13,3030,3030,1.5389908329962054
HOSP-STD-30-01,2f04176e649b56a7972631b0814e3932667b13b8da7df0c9bd837592c1400685,30,16,legacy_mixed,269.40525549999995,263.5056005,263.5,0.0,0.0,13,3030,3030,1.5434834999978193
HOSP-STD-30-01,2f04176e649b56a7972631b0814e3932667b13b8da7df0c9bd837592c1400685,30,17,legacy_mixed,269.40525549999995,266.0060615,266.0,0.0,0.0,9,3030,3030,1.5283359170061885
HOSP-STD-30-01,2f04176e649b56a7972631b0814e3932667b13b8da7df0c9bd837592c1400685,30,18,legacy_mixed,269.40525549999995,256.5056335,256.5,0.0,0.0,13,3030,3030,1.5373189159945468
HOSP-STD-30-01,2f04176e649b56a7972631b0814e3932667b13b8da7df0c9bd837592c1400685,30,19,legacy_mixed,269.40525549999995,248.9053495,247.0,1.0,1.0,7,3030,3030,1.5421338750020368
HOSP-STD-30-02,ae1dbf281b4091bae360735878ddd7e10635385b4d42b9720ddcbcdc944e2c38,30,0,legacy_mixed,310.30609,298.006098,298.0,0.0,0.0,9,3030,3030,1.5114823749972857
HOSP-STD-30-02,ae1dbf281b4091bae360735878ddd7e10635385b4d42b9720ddcbcdc944e2c38,30,1,legacy_mixed,310.30609,298.006093,298.0,0.0,0.0,8,3030,3030,1.5239359159968444
HOSP-STD-30-02,ae1dbf281b4091bae360735878ddd7e10635385b4d42b9720ddcbcdc944e2c38,30,2,legacy_mixed,310.30609,306.506086,306.5,0.0,0.0,14,3030,3030,1.512827083002776
HOSP-STD-30-02,ae1dbf281b4091bae360735878ddd7e10635385b4d42b9720ddcbcdc944e2c38,30,3,legacy_mixed,310.30609,302.006463,302.0,0.0,0.0,13,3030,3030,1.523522208997747
HOSP-STD-30-02,ae1dbf281b4091bae360735878ddd7e10635385b4d42b9720ddcbcdc944e2c38,30,4,legacy_mixed,310.30609,295.006202,295.0,0.0,0.0,8,3030,3030,1.5220665419983561
HOSP-STD-30-02,ae1dbf281b4091bae360735878ddd7e10635385b4d42b9720ddcbcdc944e2c38,30,5,legacy_mixed,310.30609,293.505951,293.5,0.0,0.0,12,3030,3030,1.4988810419963556
HOSP-STD-30-02,ae1dbf281b4091bae360735878ddd7e10635385b4d42b9720ddcbcdc944e2c38,30,6,legacy_mixed,310.30609,304.006808,304.0,0.0,0.0,17,3030,3030,1.51571995899576
HOSP-STD-30-02,ae1dbf281b4091bae360735878ddd7e10635385b4d42b9720ddcbcdc944e2c38,30,7,legacy_mixed,310.30609,290.906438,289.0,1.0,1.0,9,3030,3030,1.5230424580004183
HOSP-STD-30-02,ae1dbf281b4091bae360735878ddd7e10635385b4d42b9720ddcbcdc944e2c38,30,8,legacy_mixed,310.30609,305.006341,305.0,0.0,0.0,13,3030,3030,1.510124291999091
HOSP-STD-30-02,ae1dbf281b4091bae360735878ddd7e10635385b4d42b9720ddcbcdc944e2c38,30,9,legacy_mixed,310.30609,298.506751,298.5,0.0,0.0,10,3030,3030,1.5198169169962057
HOSP-STD-30-02,ae1dbf281b4091bae360735878ddd7e10635385b4d42b9720ddcbcdc944e2c38,30,10,legacy_mixed,310.30609,305.206307,304.0,1.0,0.5,15,3030,3030,1.5863591669985908
HOSP-STD-30-02,ae1dbf281b4091bae360735878ddd7e10635385b4d42b9720ddcbcdc944e2c38,30,11,legacy_mixed,310.30609,292.006766,292.0,0.0,0.0,6,3030,3030,1.5592052089996287
HOSP-STD-30-02,ae1dbf281b4091bae360735878ddd7e10635385b4d42b9720ddcbcdc944e2c38,30,12,legacy_mixed,310.30609,302.006237,302.0,0.0,0.0,9,3030,3030,1.5399685000011232
HOSP-STD-30-02,ae1dbf281b4091bae360735878ddd7e10635385b4d42b9720ddcbcdc944e2c38,30,13,legacy_mixed,310.30609,304.006588,304.0,0.0,0.0,12,3030,3030,1.519968874999904
HOSP-STD-30-02,ae1dbf281b4091bae360735878ddd7e10635385b4d42b9720ddcbcdc944e2c38,30,14,legacy_mixed,310.30609,286.505993,286.5,0.0,0.0,7,3030,3030,1.5337069160013925
HOSP-STD-30-02,ae1dbf281b4091bae360735878ddd7e10635385b4d42b9720ddcbcdc944e2c38,30,15,legacy_mixed,310.30609,306.506088,306.5,0.0,0.0,16,3030,3030,1.508896499995899
HOSP-STD-30-02,ae1dbf281b4091bae360735878ddd7e10635385b4d42b9720ddcbcdc944e2c38,30,16,legacy_mixed,310.30609,306.506082,306.5,0.0,0.0,16,3030,3030,1.5071851249958854
HOSP-STD-30-02,ae1dbf281b4091bae360735878ddd7e10635385b4d42b9720ddcbcdc944e2c38,30,17,legacy_mixed,310.30609,283.006034,283.0,0.0,0.0,10,3030,3030,1.533648541997536
HOSP-STD-30-02,ae1dbf281b4091bae360735878ddd7e10635385b4d42b9720ddcbcdc944e2c38,30,18,legacy_mixed,310.30609,306.506088,306.5,0.0,0.0,16,3030,3030,1.5534853749995818
HOSP-STD-30-02,ae1dbf281b4091bae360735878ddd7e10635385b4d42b9720ddcbcdc944e2c38,30,19,legacy_mixed,310.30609,290.006438,290.0,0.0,0.0,13,3030,3030,1.5133726249987376
HOSP-STD-30-03,5c14c469ed592eb550dfc07626cff1cb866a9c8062b0ed4fd25d9fedcbdb1808,30,0,legacy_mixed,263.5070845,263.5070845,263.5,0.0,0.0,13,3030,3030,1.5698107499993057
HOSP-STD-30-03,5c14c469ed592eb550dfc07626cff1cb866a9c8062b0ed4fd25d9fedcbdb1808,30,1,legacy_mixed,263.5070845,263.5069255,263.5,0.0,0.0,11,3030,3030,1.5497276250025607
HOSP-STD-30-03,5c14c469ed592eb550dfc07626cff1cb866a9c8062b0ed4fd25d9fedcbdb1808,30,2,legacy_mixed,263.5070845,263.5070845,263.5,0.0,0.0,13,3030,3030,1.5530559170001652
HOSP-STD-30-03,5c14c469ed592eb550dfc07626cff1cb866a9c8062b0ed4fd25d9fedcbdb1808,30,3,legacy_mixed,263.5070845,263.5070555,263.5,0.0,0.0,13,3030,3030,1.5572537909974926
HOSP-STD-30-03,5c14c469ed592eb550dfc07626cff1cb866a9c8062b0ed4fd25d9fedcbdb1808,30,4,legacy_mixed,263.5070845,263.5069925,263.5,0.0,0.0,11,3030,3030,1.5505739159998484
HOSP-STD-30-03,5c14c469ed592eb550dfc07626cff1cb866a9c8062b0ed4fd25d9fedcbdb1808,30,5,legacy_mixed,263.5070845,263.5070845,263.5,0.0,0.0,13,3030,3030,1.5555951249989448
HOSP-STD-30-03,5c14c469ed592eb550dfc07626cff1cb866a9c8062b0ed4fd25d9fedcbdb1808,30,6,legacy_mixed,263.5070845,263.5070435,263.5,0.0,0.0,13,3030,3030,1.5477922080026474
HOSP-STD-30-03,5c14c469ed592eb550dfc07626cff1cb866a9c8062b0ed4fd25d9fedcbdb1808,30,7,legacy_mixed,263.5070845,263.5070845,263.5,0.0,0.0,13,3030,3030,1.5596171249999315
HOSP-STD-30-03,5c14c469ed592eb550dfc07626cff1cb866a9c8062b0ed4fd25d9fedcbdb1808,30,8,legacy_mixed,263.5070845,263.5070845,263.5,0.0,0.0,13,3030,3030,1.5505719169959775
HOSP-STD-30-03,5c14c469ed592eb550dfc07626cff1cb866a9c8062b0ed4fd25d9fedcbdb1808,30,9,legacy_mixed,263.5070845,263.5070845,263.5,0.0,0.0,13,3030,3030,1.5689191250057775
HOSP-STD-30-03,5c14c469ed592eb550dfc07626cff1cb866a9c8062b0ed4fd25d9fedcbdb1808,30,10,legacy_mixed,263.5070845,262.5068565,262.5,0.0,0.0,13,3030,3030,1.5630332500004442
HOSP-STD-30-03,5c14c469ed592eb550dfc07626cff1cb866a9c8062b0ed4fd25d9fedcbdb1808,30,11,legacy_mixed,263.5070845,263.5070845,263.5,0.0,0.0,13,3030,3030,1.567581915995106
HOSP-STD-30-03,5c14c469ed592eb550dfc07626cff1cb866a9c8062b0ed4fd25d9fedcbdb1808,30,12,legacy_mixed,263.5070845,263.5069875,263.5,0.0,0.0,12,3030,3030,1.5491225410005427
HOSP-STD-30-03,5c14c469ed592eb550dfc07626cff1cb866a9c8062b0ed4fd25d9fedcbdb1808,30,13,legacy_mixed,263.5070845,263.5070845,263.5,0.0,0.0,13,3030,3030,1.5532150409999304
HOSP-STD-30-03,5c14c469ed592eb550dfc07626cff1cb866a9c8062b0ed4fd25d9fedcbdb1808,30,14,legacy_mixed,263.5070845,263.5070845,263.5,0.0,0.0,13,3030,3030,1.5462090419969172
HOSP-STD-30-03,5c14c469ed592eb550dfc07626cff1cb866a9c8062b0ed4fd25d9fedcbdb1808,30,15,legacy_mixed,263.5070845,263.5070845,263.5,0.0,0.0,13,3030,3030,1.561175999995612
HOSP-STD-30-03,5c14c469ed592eb550dfc07626cff1cb866a9c8062b0ed4fd25d9fedcbdb1808,30,16,legacy_mixed,263.5070845,263.5070845,263.5,0.0,0.0,13,3030,3030,1.5374300000039511
HOSP-STD-30-03,5c14c469ed592eb550dfc07626cff1cb866a9c8062b0ed4fd25d9fedcbdb1808,30,17,legacy_mixed,263.5070845,263.5070845,263.5,0.0,0.0,13,3030,3030,1.556029416002275
HOSP-STD-30-03,5c14c469ed592eb550dfc07626cff1cb866a9c8062b0ed4fd25d9fedcbdb1808,30,18,legacy_mixed,263.5070845,263.5070445,263.5,0.0,0.0,13,3030,3030,1.5455287909935578
HOSP-STD-30-03,5c14c469ed592eb550dfc07626cff1cb866a9c8062b0ed4fd25d9fedcbdb1808,30,19,legacy_mixed,263.5070845,263.5070845,263.5,0.0,0.0,13,3030,3030,1.5880150000011781
